request_id,amount_safe_to_pay,affordability_status,recommended_payment_method,payment_plan,earliest_date_for_full_payment,spending_changes_needed,decision_explanation
request_26,15656000,affordable_now,full_payment,2025-08-03:15656000,2025-08-03,none,Pay IDR 15656000 today. This leaves at least IDR 24768300 available over the next 90 days.
request_27,6670,affordable_now,full_payment,2026-07-05:6670,2026-07-05,none,Pay ZAR 6670 today. This leaves at least ZAR 20500 available over the next 90 days.
request_28,291.15,affordable_later,wait,2024-08-15:1302.40,2024-08-15,none,Pay EUR 1302.40 in full on 15 August 2024. Paying earlier would take the balance below the EUR 1100 minimum.
request_29,9195.44,not_affordable,not_recommended,none,,none,"Do not proceed with the ZAR 51524 request. Although ZAR 9195.44 is available today, the full amount cannot be completed safely within 90 days."
request_30,775.2,affordable_with_plan,installments,2026-04-06:268.74|2026-05-06:268.74|2026-06-05:268.74,2026-04-06,none,"Use 3 installments of USD 268.74, starting 6 April 2026. This leaves at least USD 900 available."
request_31,2630682.84,affordable_later,wait,2024-11-15:18164000,2024-11-15,none,Pay IDR 18164000 in full on 15 November 2024. Paying earlier would take the balance below the IDR 16588900 minimum.
request_32,13289.88,affordable_later,wait,2025-04-15:40018,2025-04-15,none,Pay ZAR 40018 in full on 15 April 2025. Paying earlier would take the balance below the ZAR 35700 minimum.
request_33,30895.6,affordable_later,wait,2026-03-15:118000,2026-03-15,none,Pay INR 118000 in full on 15 March 2026. Paying earlier would take the balance below the INR 102100 minimum.
request_34,129400,affordable_now,full_payment,2024-12-04:129400,2024-12-04,none,Pay INR 129400 today. This leaves at least INR 138500 available over the next 90 days.
request_35,22423.69,affordable_later,wait,2026-01-15:212000,2026-01-15,none,Pay INR 212000 in full on 15 January 2026. Paying earlier would take the balance below the INR 106400 minimum.
request_36,581.16,affordable_later,wait,2026-09-15:3954,2026-09-15,none,Pay USD 3954 in full on 15 September 2026. Paying earlier would take the balance below the USD 2400 minimum.
request_37,4390728.41,affordable_later,wait,2024-05-15:14649000,2024-05-15,none,Pay IDR 14649000 in full on 15 May 2024. Paying earlier would take the balance below the IDR 17056200 minimum.
request_38,206.42,affordable_later,wait,2025-10-15:971.30,2025-10-15,none,Pay EUR 971.30 in full on 15 October 2025. Paying earlier would take the balance below the EUR 400 minimum.
request_39,55398.11,affordable_later,wait,2026-06-15:208600,2026-06-15,none,"Waiting until 15 June 2026 to pay the full INR 208,600 keeps the account above the INR 213,400 minimum balance, whereas paying earlier would breach that floor."
request_40,355.73,affordable_later,wait,2024-08-15:1290.30,2024-08-15,none,Pay EUR 1290.30 in full on 15 August 2024. Paying earlier would take the balance below the EUR 1500 minimum.
request_41,8943824.98,affordable_later,wait,2026-01-15:38760000,2026-01-15,none,Pay IDR 38760000 in full on 15 January 2026. Paying earlier would take the balance below the IDR 25366600 minimum.
request_42,52100,affordable_now,full_payment,2026-01-05:52100,2026-01-05,none,Pay INR 52100 today. This leaves at least INR 113100 available over the next 90 days.
request_43,8311665.75,affordable_later,wait,2024-11-15:43339000,2024-11-15,none,"Waiting until 15 November 2024 to pay the full IDR 43,339,000 is optimal because only IDR 8,311,665.75 is safely available today, and paying earlier would reduce the balance below the required IDR 21,398,000 minimum."
request_44,30333.65,affordable_later,wait,2025-04-15:95800,2025-04-15,none,Pay INR 95800 in full on 15 April 2025. Paying earlier would take the balance below the INR 82900 minimum.
request_45,3411728.67,affordable_later,wait,2026-09-15:21983000,2026-09-15,none,Pay IDR 21983000 in full on 15 September 2026. Paying earlier would take the balance below the IDR 11149800 minimum.
request_46,35407.72,affordable_with_plan,partial_payment,2024-12-03:35407.72|2024-12-15:14042.28,2024-12-15,none,Pay INR 35407.72 today and the remaining INR 14042.28 on 15 December 2024. This completes the full request and keeps the INR 84000 minimum protected.
request_47,23360216.77,affordable_later,wait,2025-05-05:38114000,2025-05-05,none,Pay IDR 38114000 in full on 5 May 2025. Paying earlier would take the balance below the IDR 30049000 minimum.
request_48,45700,affordable_now,full_payment,2026-07-25:45700,2026-07-25,none,Pay INR 45700 today. This leaves at least INR 71300 available over the next 90 days.
request_49,12352262,not_affordable,not_recommended,none,,none,Do not make this payment by 22 May 2024. None of the available options keeps the IDR 20275700 minimum protected.
request_50,43900,affordable_now,full_payment,2025-08-06:43900,2025-08-06,none,Pay INR 43900 today. This leaves at least INR 99700 available over the next 90 days.
request_51,2191000,affordable_now,full_payment,2026-01-03:2191000,2026-01-03,none,Pay IDR 2191000 today. This leaves at least IDR 7811000 available over the next 90 days.
request_52,19203.66,affordable_later,wait,2024-06-15:28870,2024-06-15,none,Pay INR 28870 in full on 15 June 2024. Paying earlier would take the balance below the INR 41500 minimum.
request_53,464.04,affordable_with_plan,installments,2025-11-21:589.06|2025-12-19:589.06|2026-01-16:589.06,2026-01-15,none,"Use 3 installments of USD 589.06, starting 21 November 2025. This leaves at least USD 2100 available."
request_54,1957.59,not_affordable,not_recommended,none,,none,"Do not proceed with the ZAR 121528 request. Although ZAR 1957.59 is available today, the full amount cannot be completed safely within 90 days."
request_55,113955.74,not_affordable,not_recommended,none,,none,Do not make this payment by 22 August 2026. None of the available options keeps the INR 124300 minimum protected.
request_56,634.68,affordable_with_plan,partial_payment,2025-02-03:634.68|2025-02-15:246.88,2025-02-15,none,Pay USD 634.68 today and the remaining USD 246.88 on 15 February 2025. This completes the full request and keeps the USD 2100 minimum protected.
request_57,12446.96,affordable_later,wait,2026-06-15:61446,2026-06-15,none,Pay ZAR 61446 in full on 15 June 2026. Paying earlier would take the balance below the ZAR 42700 minimum.
request_58,16226000,affordable_now,full_payment,2024-12-07:16226000,2024-12-07,none,Pay IDR 16226000 today. This leaves at least IDR 14433900 available over the next 90 days.
request_59,140600,affordable_with_plan,installments,2025-05-07:48741.33|2025-06-04:48741.33|2025-07-02:48741.33,2025-05-04,none,"Use 3 installments of INR 48741.33, starting 7 May 2025. This leaves at least INR 132600 available."
request_60,132.6,affordable_later,wait,2026-01-15:199.89,2026-01-15,none,Pay USD 199.89 in full on 15 January 2026. Paying earlier would take the balance below the USD 400 minimum.
request_61,29062,affordable_with_plan,installments,2024-03-17:10074.83|2024-04-17:10074.83|2024-05-18:10074.83,2024-03-03,none,"Use 3 installments of ZAR 10074.83, starting 17 March 2024. This leaves at least ZAR 36700 available."
request_62,404.23,affordable_now,full_payment,2025-08-05:404.23,2025-08-05,none,Pay USD 404.23 today. This leaves at least USD 1300 available over the next 90 days.
request_63,49231.46,not_affordable,not_recommended,none,,none,"Do not proceed with the INR 343900 request. Although INR 49231.46 is available today, the full amount cannot be completed safely within 90 days."
request_64,0,not_affordable,not_recommended,none,,none,Do not make this payment by 16 August 2024. None of the available options keeps the INR 36100 minimum protected.
request_65,5719.66,not_affordable,not_recommended,none,,none,"Do not proceed with the ZAR 54340 request. Although ZAR 5719.66 is available today, the full amount cannot be completed safely within 90 days."
request_66,22200,affordable_now,full_payment,2026-04-03:22200,2026-04-03,none,Pay INR 22200 today. This leaves at least INR 80700 available over the next 90 days.
request_67,302.31,affordable_later,wait,2024-11-15:2094,2024-11-15,none,"Paying the full USD 2094 before 15 November 2024 would reduce the balance below the USD 1200 minimum, so waiting until that date safeguards the required buffer."
request_68,1339.9,affordable_with_plan,installments,2025-02-14:725.09|2025-03-14:725.09|2025-04-11:725.09,2025-03-23,none,"Use 3 installments of USD 725.09, starting 14 February 2025. This leaves at least USD 1500 available."
request_69,529.1,affordable_now,full_payment,2026-01-04:529.10,2026-01-04,none,<explanation>Paying EUR 529.10 today is optimal because the amount is affordable now
request_70,49646.29,affordable_later,wait,2025-02-15:243900,2025-02-15,none,Pay INR 243900 in full on 15 February 2025. Paying earlier would take the balance below the INR 115000 minimum.
request_71,0,not_affordable,not_recommended,none,,none,Do not make this payment by 28 May 2025. None of the available options keeps the IDR 8884800 minimum protected.
request_72,11330,affordable_now,full_payment,2026-07-05:11330,2026-07-05,none,Pay ZAR 11330 today. This leaves at least ZAR 12200 available over the next 90 days.
request_73,71400,affordable_now,full_payment,2023-01-20:71400,2023-01-20,none,Pay INR 71400 today. This leaves at least INR 103200 available over the next 90 days.
request_74,5010,affordable_now,full_payment,2025-08-04:5010,2025-08-04,none,Pay ZAR 5010 today. This leaves at least ZAR 21900 available over the next 90 days.
request_75,22927.78,not_affordable,not_recommended,none,,none,"Do not proceed with the ZAR 28270 request. Although ZAR 22927.78 is available today, the full amount cannot be completed safely within 90 days."
request_76,728.69,not_affordable,not_recommended,none,,none,Do not make this payment by 30 July 2024. None of the available options keeps the USD 1800 minimum protected.
request_77,60391.52,affordable_with_plan,full_payment,2025-11-05:60700,2025-11-15,stop:event_7143,"Stop the online backup subscription, then pay INR 60700 today. This leaves at least INR 82200 available."
request_78,48183.26,affordable_with_plan,full_payment,2025-10-02:50200,2025-10-15,stop:event_7224|reduce_to:event_7225:1480,"Stop the video streaming plan and reduce the monthly shopping spend to INR 1480, then pay INR 50200 today. This leaves at least INR 55200 available."
request_79,300.44,not_affordable,not_recommended,none,,none,"Do not proceed with the EUR 2151.60 request. Although EUR 300.44 is available today, the full amount cannot be completed safely within 90 days."
request_80,110008.68,not_affordable,not_recommended,none,,none,Do not make this payment by 21 February 2025. None of the available options keeps the INR 121300 minimum protected.
request_81,2076,affordable_now,full_payment,2026-07-03:2076,2026-07-03,none,Pay USD 2076 today. This leaves at least USD 1600 available over the next 90 days.
request_82,314.02,affordable_later,wait,2025-02-15:1405.20,2025-02-15,none,Pay USD 1405.20 in full on 15 February 2025. Paying earlier would take the balance below the USD 1100 minimum.
request_83,9740.32,not_affordable,not_recommended,none,,none,"Do not proceed with the INR 156200 request. Although INR 9740.32 is available today, the full amount cannot be completed safely within 90 days."
request_84,24309.92,affordable_later,wait,2026-06-15:95400,2026-06-15,none,Pay INR 95400 in full on 15 June 2026. Paying earlier would take the balance below the INR 91300 minimum.
request_85,375011.04,not_affordable,not_recommended,none,,none,"Do not proceed with the IDR 19304000 request. Although IDR 375011.04 is available today, the full amount cannot be completed safely within 90 days."
request_86,46300,affordable_now,full_payment,2025-08-03:46300,2025-08-03,none,Pay INR 46300 today. This leaves at least INR 84900 available over the next 90 days.
request_87,22460.38,not_affordable,not_recommended,none,,none,"Do not proceed with the INR 487900 request. Although INR 22460.38 is available today, the full amount cannot be completed safely within 90 days."
request_88,10735.77,affordable_with_plan,installments,2024-06-14:9045.23|2024-07-15:9045.23|2024-08-15:9045.23,2024-07-15,none,"Use 3 installments of ZAR 9045.23, starting 14 June 2024. This leaves at least ZAR 25800 available."
request_89,9384602.98,not_affordable,not_recommended,none,,none,Do not make this payment by 15 January 2026. None of the available options keeps the IDR 12534700 minimum protected.
request_90,2560,affordable_now,full_payment,2026-07-06:2560,2026-07-06,none,Pay ZAR 2560 today. This leaves at least ZAR 7600 available over the next 90 days.
request_91,308,affordable_later,wait,2024-11-15:1927.20,2024-11-15,none,Pay EUR 1927.20 in full on 15 November 2024. Paying earlier would take the balance below the EUR 2100 minimum.
request_92,34034,affordable_now,full_payment,2025-02-05:34034,2025-02-05,none,Pay ZAR 34034 today. This leaves at least ZAR 28100 available over the next 90 days.
request_93,1729.2,affordable_now,full_payment,2026-04-07:1729.20,2026-04-07,none,Pay USD 1729.20 today. This leaves at least USD 1900 available over the next 90 days.
request_94,572,affordable_now,full_payment,2024-12-04:572,2024-12-04,none,Pay EUR 572 today. This leaves at least EUR 600 available over the next 90 days.
request_95,5168.23,not_affordable,not_recommended,none,,none,"Do not proceed with the INR 553000 request. Although INR 5168.23 is available today, the full amount cannot be completed safely within 90 days."
request_96,72422.4,not_affordable,not_recommended,none,,none,Do not make this payment by 12 March 2026. None of the available options keeps the INR 56500 minimum protected.
request_97,1491.72,affordable_with_plan,installments,2024-03-19:8145.28|2024-04-19:8145.28|2024-05-20:8145.28,2024-04-15,none,"Use 3 installments of ZAR 8145.28, starting 19 March 2024. This leaves at least ZAR 29700 available."
request_98,0,not_affordable,not_recommended,none,,none,Do not make this payment by 15 October 2025. None of the available options keeps the ZAR 30000 minimum protected.
request_99,17779.22,affordable_with_plan,full_payment,2026-07-04:18062,2026-07-15,stop:event_9188,"Stop the family streaming plan, then pay ZAR 18062 today. This leaves at least ZAR 49100 available."
request_100,25209.37,not_affordable,not_recommended,none,,none,Do not make this payment by 16 August 2024. None of the available options keeps the ZAR 32500 minimum protected.
request_101,143500,affordable_now,full_payment,2025-11-03:143500,2025-11-03,none,Pay INR 143500 today. This leaves at least INR 187400 available over the next 90 days.
request_102,1716,affordable_with_plan,installments,2026-04-05:594.88|2026-05-05:594.88|2026-06-04:594.88,2026-04-05,none,"Use 3 installments of EUR 594.88, starting 5 April 2026. This leaves at least EUR 900 available."
request_103,1319.3,not_affordable,not_recommended,none,,none,"Do not proceed with the INR 368300 request. Although INR 1319.30 is available today, the full amount cannot be completed safely within 90 days."
request_104,17204,affordable_now,full_payment,2025-02-04:17204,2025-02-04,none,Pay ZAR 17204 today. This leaves at least ZAR 24700 available over the next 90 days.
request_105,53500,affordable_now,full_payment,2026-06-08:53500,2026-06-08,none,Pay INR 53500 today. This leaves at least INR 73900 available over the next 90 days.
request_106,459.28,affordable_later,wait,2025-02-15:2207.70,2025-02-15,none,Pay EUR 2207.70 in full on 15 February 2025. Paying earlier would take the balance below the EUR 1200 minimum.
request_107,2424.43,not_affordable,not_recommended,none,,none,Do not make this payment by 4 July 2025. None of the available options keeps the EUR 1600 minimum protected.
request_108,1870.94,not_affordable,not_recommended,none,,none,Do not make this payment by 26 July 2026. None of the available options keeps the ZAR 24100 minimum protected.
request_109,535.24,affordable_with_plan,installments,2024-03-18:645.98|2024-04-18:645.98|2024-05-19:645.98,2024-05-15,none,"Use 3 installments of EUR 645.98, starting 18 March 2024. This leaves at least EUR 1700 available."
request_110,22352,affordable_with_plan,installments,2025-08-06:7748.69|2025-09-03:7748.69|2025-10-01:7748.69,2025-08-06,none,"Use 3 installments of ZAR 7748.69, starting 6 August 2025. This leaves at least ZAR 11200 available."
request_111,16625000,affordable_now,full_payment,2026-04-03:16625000,2026-04-03,none,Pay IDR 16625000 today. This leaves at least IDR 23022800 available over the next 90 days.
request_112,271.7,affordable_now,full_payment,2024-06-05:271.70,2024-06-05,none,Pay EUR 271.70 today. This leaves at least EUR 500 available over the next 90 days.
request_113,21488.97,affordable_later,wait,2026-09-15:36500,2026-09-15,none,Pay INR 36500 in full on 15 September 2026. Paying earlier would take the balance below the INR 82300 minimum.
request_114,60173.97,not_affordable,not_recommended,none,,none,Do not make this payment by 14 January 2026. None of the available options keeps the INR 113400 minimum protected.
request_115,14307.43,affordable_later,wait,2024-11-15:80500,2024-11-15,none,Pay INR 80500 in full on 15 November 2024. Paying earlier would take the balance below the INR 38800 minimum.
request_116,9539.3,not_affordable,not_recommended,none,,none,"Do not proceed with the INR 241200 request. Although INR 9539.30 is available today, the full amount cannot be completed safely within 90 days."
request_117,852.22,affordable_with_plan,full_payment,2026-07-05:880,2026-07-15,stop:event_10833,"Stop the family streaming plan, then pay EUR 880 today. This leaves at least EUR 1000 available."
request_118,649.6,not_affordable,not_recommended,none,,none,Do not make this payment by 8 February 2025. None of the available options keeps the EUR 600 minimum protected.
request_119,59086.59,affordable_with_plan,installments,2025-05-18:70546.67|2025-06-15:70546.67|2025-07-13:70546.67,2025-06-15,none,"Use 3 installments of INR 70546.67, starting 18 May 2025. This leaves at least INR 151200 available."
request_120,7714000,affordable_now,full_payment,2026-04-06:7714000,2026-04-06,none,Pay IDR 7714000 today. This leaves at least IDR 20050300 available over the next 90 days.
request_121,633.6,affordable_now,full_payment,2024-03-03:633.60,2024-03-03,none,Pay USD 633.60 today. This leaves at least USD 800 available over the next 90 days.
request_122,20558000,affordable_with_plan,installments,2025-08-05:7126773.33|2025-09-02:7126773.33|2025-09-30:7126773.33,2025-08-05,none,"Use 3 installments of IDR 7126773.33, starting 5 August 2025. This leaves at least IDR 12588500 available."
request_123,4076000,affordable_now,full_payment,2026-01-07:4076000,2026-01-07,none,Pay IDR 4076000 today. This leaves at least IDR 18091200 available over the next 90 days.
request_124,1398.42,affordable_with_plan,installments,2024-06-11:1076.12|2024-07-12:1076.12|2024-08-12:1076.12,2024-07-15,none,"Use 3 installments of EUR 1076.12, starting 11 June 2024. This leaves at least EUR 1600 available."
request_125,0,not_affordable,not_recommended,none,,none,Do not make this payment by 14 November 2025. None of the available options keeps the ZAR 11300 minimum protected.
request_126,159600,affordable_now,full_payment,2026-07-03:159600,2026-07-03,none,Pay INR 159600 today. This leaves at least INR 129700 available over the next 90 days.
request_127,7191.59,affordable_later,wait,2024-10-15:23980,2024-10-15,none,Pay ZAR 23980 in full on 15 October 2024. Paying earlier would take the balance below the ZAR 41000 minimum.
request_128,25168,affordable_now,full_payment,2025-02-07:25168,2025-02-07,none,Pay ZAR 25168 today. This leaves at least ZAR 42600 available over the next 90 days.
request_129,109.64,not_affordable,not_recommended,none,,none,"Do not proceed with the USD 2668.80 request. Although USD 109.64 is available today, the full amount cannot be completed safely within 90 days."
request_130,370.05,affordable_later,wait,2025-02-15:1978.80,2025-02-15,none,Pay USD 1978.80 in full on 15 February 2025. Paying earlier would take the balance below the USD 1400 minimum.
request_131,1137.83,not_affordable,not_recommended,none,,none,Do not make this payment by 8 July 2025. None of the available options keeps the USD 1100 minimum protected.
request_132,284.97,affordable_later,wait,2026-01-15:379.86,2026-01-15,none,Pay USD 379.86 in full on 15 January 2026. Paying earlier would take the balance below the USD 1100 minimum.
request_133,15770000,not_affordable,not_recommended,none,,none,Do not make this payment by 29 March 2024. None of the available options keeps the IDR 9986200 minimum protected.
request_134,4436132.42,affordable_later,wait,2025-10-15:21831000,2025-10-15,none,Pay IDR 21831000 in full on 15 October 2025. Paying earlier would take the balance below the IDR 15902500 minimum.
request_135,304.8,affordable_now,full_payment,2026-07-06:304.80,2026-07-06,none,Pay USD 304.80 today. This leaves at least USD 500 available over the next 90 days.
request_136,522.44,affordable_with_plan,full_payment,2024-06-03:560.40,2024-06-15,reduce_to:event_12498:27.20,"reduce the household shopping to USD 27.20, then pay USD 560.40 today. This leaves at least USD 1100 available."
request_137,22092.78,affordable_later,wait,2026-01-15:80100,2026-01-15,none,Pay INR 80100 in full on 15 January 2026. Paying earlier would take the balance below the INR 71800 minimum.
request_138,851.67,affordable_with_plan,partial_payment,2026-04-07:851.67|2026-04-15:405.27,2026-04-15,none,Pay EUR 851.67 today and the remaining EUR 405.27 on 15 April 2026. This completes the full request and keeps the EUR 2300 minimum protected.
request_139,1331.5,not_affordable,not_recommended,none,,none,Do not make this payment by 17 November 2024. None of the available options keeps the USD 1500 minimum protected.
request_140,1428.81,not_affordable,not_recommended,none,,none,"Proceeding would violate the ZAR 21,600 minimum balance since only ZAR 1,428.81 is available today and the full ZAR 62,832 cannot be safely accumulated by the 2025-03-04 deadline without breaching the safeguard."
request_141,20907.09,not_affordable,not_recommended,none,,none,"Do not proceed with the INR 171600 request. Although INR 20907.09 is available today, the full amount cannot be completed safely within 90 days."
request_142,1263.6,affordable_now,full_payment,2024-12-05:1263.60,2024-12-05,none,Pay USD 1263.60 today. This leaves at least USD 1700 available over the next 90 days.
request_143,2539.21,affordable_later,wait,2025-07-15:12584,2025-07-15,none,Pay ZAR 12584 in full on 15 July 2025. Paying earlier would take the balance below the ZAR 11300 minimum.
request_144,233.34,affordable_now,full_payment,2026-07-04:233.34,2026-07-04,none,Pay USD 233.34 today. This leaves at least USD 600 available over the next 90 days.
request_145,26929.96,not_affordable,not_recommended,none,,none,Do not make this payment by 26 May 2024. None of the available options keeps the INR 155400 minimum protected.
request_146,16090.82,not_affordable,not_recommended,none,,none,"The purchase is declined because only INR 16,090.82 is currently available against the INR 449,400 cost, and projected cash flows cannot safely accumulate the full amount within the 75-day deadline without breaching the INR 108,600 minimum balance floor."
request_147,478.46,affordable_with_plan,installments,2026-04-08:391.63|2026-05-08:391.63|2026-06-07:391.63,2026-05-15,none,"Use 3 installments of EUR 391.63, starting 8 April 2026. This leaves at least EUR 900 available."
request_148,7146.34,not_affordable,not_recommended,none,,none,Do not make this payment by 18 August 2024. None of the available options keeps the ZAR 20000 minimum protected.
request_149,22209.76,affordable_with_plan,installments,2025-11-18:12706.03|2025-12-16:12706.03|2026-01-13:12706.03,2025-12-15,none,"Use 3 installments of ZAR 12706.03, starting 18 November 2025. This leaves at least ZAR 42100 available."
request_150,275.79,affordable_with_plan,installments,2026-01-06:171.98|2026-02-05:171.98|2026-03-07:171.98,2026-02-15,none,"Use 3 installments of EUR 171.98, starting 6 January 2026. This leaves at least EUR 700 available."
request_151,26999000,affordable_now,full_payment,2024-09-03:26999000,2024-09-03,none,Pay IDR 26999000 today. This leaves at least IDR 31633600 available over the next 90 days.
request_152,11060.2,not_affordable,not_recommended,none,,none,Do not make this payment by 13 April 2025. None of the available options keeps the ZAR 11900 minimum protected.
request_153,21.22,not_affordable,not_recommended,none,,none,"Do not proceed with the USD 2830.80 request. Although USD 21.22 is available today, the full amount cannot be completed safely within 90 days."
request_154,1625.8,affordable_with_plan,installments,2024-12-04:563.61|2025-01-04:563.61|2025-02-04:563.61,2024-12-04,none,"Use 3 installments of EUR 563.61, starting 4 December 2024. This leaves at least EUR 1300 available."
request_155,112500,affordable_now,full_payment,2025-05-06:112500,2025-05-06,none,Paying INR 112500 today is optimal because the amount is fully affordable now while preserving the required INR 56300 minimum balance over the next 90 days.
request_156,8601.69,affordable_later,wait,2026-06-15:43076,2026-06-15,none,Pay ZAR 43076 in full on 15 June 2026. Paying earlier would take the balance below the ZAR 26900 minimum.
request_157,4658049.89,affordable_later,wait,2024-05-15:23503000,2024-05-15,none,"Waiting until 15 May 2024 to invest IDR 23,503,000 in full is optimal because paying earlier would reduce the balance below the required IDR 15,714,100 minimum, whereas the projected cash flow on 15 May allows the full payment while safeguarding the minimum balance."
request_158,242600,affordable_with_plan,installments,2025-08-07:84101.33|2025-09-04:84101.33|2025-10-02:84101.33,2025-08-07,none,"Use 3 installments of INR 84101.33, starting 7 August 2025. This leaves at least INR 131400 available."
request_159,3688.34,affordable_with_plan,partial_payment,2026-01-04:3688.34|2026-01-05:9709.66,2026-01-05,none,Pay ZAR 3688.34 today and the remaining ZAR 9709.66 on 5 January 2026. This completes the full request and keeps the ZAR 8700 minimum protected.
request_160,569.52,affordable_with_plan,installments,2024-06-13:432.05|2024-07-14:432.05|2024-08-14:432.05,2024-07-15,none,"Use 3 installments of EUR 432.05, starting 13 June 2024. This leaves at least EUR 1200 available."
request_161,6738656.09,affordable_later,wait,2026-01-15:21204000,2026-01-15,none,Pay IDR 21204000 in full on 15 January 2026. Paying earlier would take the balance below the IDR 23010400 minimum.
request_162,1358351.41,not_affordable,not_recommended,none,,none,"Do not proceed with the IDR 83923000 request. Although IDR 1358351.41 is available today, the full amount cannot be completed safely within 90 days."
request_163,8711329.54,not_affordable,not_recommended,none,,none,Do not make this payment by 15 November 2024. None of the available options keeps the IDR 26728700 minimum protected.
request_164,27018000,affordable_with_plan,installments,2025-02-11:9366240|2025-03-11:9366240|2025-04-08:9366240,2025-02-04,none,"Use 3 installments of IDR 9366240, starting 11 February 2025. This leaves at least IDR 29550500 available."
request_165,80600,affordable_now,full_payment,2026-04-06:80600,2026-04-06,none,Pay INR 80600 today. This leaves at least INR 95000 available over the next 90 days.
request_166,2907.6,affordable_with_plan,installments,2024-12-03:1007.97|2025-01-03:1007.97|2025-02-03:1007.97,2024-12-03,none,"Use 3 installments of USD 1007.97, starting 3 December 2024. This leaves at least USD 1700 available."
request_167,43802,affordable_now,full_payment,2025-05-05:43802,2025-05-05,none,Pay ZAR 43802 today. This leaves at least ZAR 31200 available over the next 90 days.
request_168,29484.71,affordable_with_plan,partial_payment,2026-01-07:29484.71|2026-01-15:19895.29,2026-01-15,none,Pay INR 29484.71 today and the remaining INR 19895.29 on 15 January 2026. This completes the full request and keeps the INR 114400 minimum protected.
request_169,41976,affordable_now,full_payment,2024-03-04:41976,2024-03-04,none,Pay ZAR 41976 today. This leaves at least ZAR 18700 available over the next 90 days.
request_170,30017341.42,affordable_with_plan,installments,2025-08-06:12804480|2025-09-03:12804480|2025-10-01:12804480,2025-09-15,none,"Use 3 installments of IDR 12804480, starting 6 August 2025. This leaves at least IDR 24715800 available."
request_171,35.55,not_affordable,not_recommended,none,,none,"Do not proceed with the EUR 1878.80 request. Although EUR 35.55 is available today, the full amount cannot be completed safely within 90 days."
request_172,9180.16,affordable_with_plan,partial_payment,2024-06-05:9180.16|2024-06-15:1019.84,2024-06-15,none,Pay ZAR 9180.16 today and the remaining ZAR 1019.84 on 15 June 2024. This completes the full request and keeps the ZAR 27200 minimum protected.
request_173,0,not_affordable,not_recommended,none,,none,Do not make this payment by 17 January 2026. None of the available options keeps the INR 79100 minimum protected.
request_174,1146.2,affordable_with_plan,installments,2026-04-04:397.35|2026-05-04:397.35|2026-06-03:397.35,2026-04-04,none,"Use 3 installments of EUR 397.35, starting 4 April 2026. This leaves at least EUR 700 available."
request_175,2346.3,affordable_now,full_payment,2024-09-06:2346.30,2024-09-06,none,Pay EUR 2346.30 today. This leaves at least EUR 1700 available over the next 90 days.
request_176,361.9,not_affordable,not_recommended,none,,none,Do not make this payment by 27 February 2025. None of the available options keeps the EUR 600 minimum protected.
request_177,1017.6,affordable_now,full_payment,2026-01-05:1017.60,2026-01-05,none,Pay USD 1017.60 today. This leaves at least USD 1300 available over the next 90 days.
request_178,2938.1,affordable_with_plan,installments,2024-12-07:1018.54|2025-01-07:1018.54|2025-02-07:1018.54,2024-12-07,none,"Use 3 installments of EUR 1018.54, starting 7 December 2024. This leaves at least EUR 1400 available."
request_179,6522843.53,affordable_later,wait,2025-07-15:41648000,2025-07-15,none,"Paying the full IDR 41,648,000 today would reduce the balance below the required IDR 41,430,800 minimum, so waiting until 15 July 2025 safeguards the minimum balance while meeting the deadline."
request_180,66500,affordable_now,full_payment,2026-07-06:66500,2026-07-06,none,Pay INR 66500 today. This leaves at least INR 37300 available over the next 90 days.
request_181,284.68,not_affordable,not_recommended,none,,none,"Do not proceed with the USD 5059.20 request. Although USD 284.68 is available today, the full amount cannot be completed safely within 90 days."
request_182,65714,affordable_now,full_payment,2025-08-05:65714,2025-08-05,none,Pay ZAR 65714 today. This leaves at least ZAR 31100 available over the next 90 days.
request_183,24552915.23,affordable_with_plan,installments,2026-04-10:9313546.67|2026-05-10:9313546.67|2026-06-09:9313546.67,2026-04-15,none,"Use 3 installments of IDR 9313546.67, starting 10 April 2026. This leaves at least IDR 11878300 available."
request_184,9849.4,not_affordable,not_recommended,none,,none,"Do not proceed with the INR 251900 request. Although INR 9849.40 is available today, the full amount cannot be completed safely within 90 days."
request_185,311.29,affordable_later,wait,2026-01-15:1257.30,2026-01-15,none,Pay EUR 1257.30 in full on 15 January 2026. Paying earlier would take the balance below the EUR 1300 minimum.
request_186,4769.44,affordable_later,wait,2026-03-15:26554,2026-03-15,none,Pay ZAR 26554 in full on 15 March 2026. Paying earlier would take the balance below the ZAR 22000 minimum.
request_187,38212.61,affordable_later,wait,2024-11-15:187500,2024-11-15,none,"Waiting until 15 November 2024 to pay the full INR 187,500 is optimal because paying earlier would reduce the balance below the required INR 128,300 minimum."
request_188,102.94,not_affordable,not_recommended,none,,none,"Do not proceed with the EUR 2464 request. Although EUR 102.94 is available today, the full amount cannot be completed safely within 90 days."
request_189,488.4,affordable_now,full_payment,2026-07-04:488.40,2026-07-04,none,Pay EUR 488.40 today. This leaves at least EUR 400 available over the next 90 days.
request_190,489.28,affordable_later,wait,2025-02-15:2557.50,2025-02-15,none,Pay EUR 2557.50 in full on 15 February 2025. Paying earlier would take the balance below the EUR 1600 minimum.
request_191,664.4,affordable_now,full_payment,2025-05-03:664.40,2025-05-03,none,Pay EUR 664.40 today. This leaves at least EUR 500 available over the next 90 days.
request_192,161.04,not_affordable,not_recommended,none,,none,"Do not proceed with the USD 2046 request. Although USD 161.04 is available today, the full amount cannot be completed safely within 90 days."
request_193,33.61,affordable_with_plan,installments,2024-03-21:420.23|2024-04-21:420.23|2024-05-22:420.23,2024-05-15,none,"Use 3 installments of EUR 420.23, starting 21 March 2024. This leaves at least EUR 1000 available."
request_194,33523.88,affordable_later,wait,2025-10-23:132800,2025-10-23,none,Pay INR 132800 in full on 23 October 2025. Paying earlier would take the balance below the INR 113600 minimum.
request_195,1041.29,affordable_with_plan,installments,2026-01-09:405.74|2026-02-08:405.74|2026-03-10:405.74,2026-02-15,none,"Use 3 installments of EUR 405.74, starting 9 January 2026. This leaves at least EUR 700 available."
request_196,762.3,affordable_now,full_payment,2024-06-03:762.30,2024-06-03,none,Pay EUR 762.30 today. This leaves at least EUR 500 available over the next 90 days.
request_197,50939000,affordable_with_plan,installments,2025-11-19:17658853.33|2025-12-17:17658853.33|2026-01-14:17658853.33,2025-11-05,none,"Use 3 installments of IDR 17658853.33, starting 19 November 2025. This leaves at least IDR 26245900 available."
request_198,185800,affordable_now,full_payment,2026-07-07:185800,2026-07-07,none,Paying INR 185800 today is optimal because the amount safe today covers the full education cost while preserving the required INR 124300 minimum balance over the next 90 days.
request_199,23674000,affordable_with_plan,installments,2024-09-07:8206986.67|2024-10-08:8206986.67|2024-11-08:8206986.67,2024-09-04,none,"Use 3 installments of IDR 8206986.67, starting 7 September 2024. This leaves at least IDR 25359500 available."
request_200,21717000,affordable_now,full_payment,2025-02-06:21717000,2025-02-06,none,Pay IDR 21717000 today. This leaves at least IDR 20114600 available over the next 90 days.
request_201,23997000,affordable_now,full_payment,2026-04-03:23997000,2026-04-03,none,"Paying IDR 23,997,000 today is optimal because it fully settles the debt immediately while maintaining the required minimum balance of IDR 17,304,500 over the next 90 days."
request_202,123900,affordable_now,full_payment,2024-12-05:123900,2024-12-05,none,Pay INR 123900 today. This leaves at least INR 147800 available over the next 90 days.
request_203,1442.1,affordable_with_plan,installments,2025-05-10:499.93|2025-06-07:499.93|2025-07-05:499.93,2025-05-07,none,"Use 3 installments of EUR 499.93, starting 10 May 2025. This leaves at least EUR 1400 available."
request_204,577.44,affordable_later,wait,2026-01-15:588.74,2026-01-15,none,Pay EUR 588.74 in full on 15 January 2026. Paying earlier would take the balance below the EUR 1300 minimum.
request_205,10621000,affordable_now,full_payment,2024-03-06:10621000,2024-03-06,none,Pay IDR 10621000 today. This leaves at least IDR 13994300 available over the next 90 days.
request_206,1404.7,affordable_with_plan,installments,2025-08-03:486.96|2025-08-31:486.96|2025-09-28:486.96,2025-08-03,none,"Use 3 installments of EUR 486.96, starting 3 August 2025. This leaves at least EUR 900 available."
request_207,4315.86,affordable_later,wait,2026-07-15:11830,2026-07-15,none,Pay ZAR 11830 in full on 15 July 2026. Paying earlier would take the balance below the ZAR 13600 minimum.
request_208,3007761.86,affordable_later,wait,2024-06-15:4413000,2024-06-15,none,Pay IDR 4413000 in full on 15 June 2024. Paying earlier would take the balance below the IDR 10470700 minimum.
request_209,1585.93,not_affordable,not_recommended,none,,none,"Do not proceed with the ZAR 56914 request. Although ZAR 1585.93 is available today, the full amount cannot be completed safely within 90 days."
request_210,827.45,affordable_with_plan,partial_payment,2026-04-06:827.45|2026-04-15:532.57,2026-04-15,none,Paying USD 827.45 today and USD 532.57 on 15 April 2026 completes the USD 1360.02 emergency expense while maintaining the required USD 2000 minimum balance throughout the period.
request_211,263.92,affordable_later,wait,2024-11-15:1788.60,2024-11-15,none,"Waiting until 15 November 2024 to pay the full EUR 1,788.60 is optimal because paying earlier would reduce the balance below the required EUR 1,500 minimum, whereas only EUR 263.92 is safe to spend today."
request_212,5460752.61,not_affordable,not_recommended,none,,none,"Do not proceed with the IDR 71934000 request. Although IDR 5460752.61 is available today, the full amount cannot be completed safely within 90 days."
request_213,3041.04,not_affordable,not_recommended,none,,none,"Do not proceed with the USD 3362.40 request. Although USD 3041.04 is available today, the full amount cannot be completed safely within 90 days."
request_214,44299.55,affordable_with_plan,partial_payment,2024-12-04:44299.55|2024-12-15:25450.45,2024-12-15,none,Pay INR 44299.55 today and the remaining INR 25450.45 on 15 December 2024. This completes the full request and keeps the INR 174900 minimum protected.
request_215,29986,affordable_with_plan,installments,2025-05-09:10395.15|2025-06-06:10395.15|2025-07-04:10395.15,2025-05-06,none,"Use 3 installments of ZAR 10395.15, starting 9 May 2025. This leaves at least ZAR 15700 available."
request_216,470.09,affordable_later,wait,2026-09-15:3332.40,2026-09-15,none,Pay USD 3332.40 in full on 15 September 2026. Paying earlier would take the balance below the USD 1800 minimum.
request_217,19357.77,affordable_with_plan,installments,2024-03-19:12889.07|2024-04-19:12889.07|2024-05-20:12889.07,2024-05-15,none,"Use 3 installments of ZAR 12889.07, starting 19 March 2024. This leaves at least ZAR 26800 available."
request_218,26408605.32,affordable_with_plan,installments,2025-08-07:21195893.33|2025-09-04:21195893.33|2025-10-02:21195893.33,2025-09-15,none,"Use 3 installments of IDR 21195893.33, starting 7 August 2025. This leaves at least IDR 34477200 available."
request_219,703.59,affordable_with_plan,installments,2026-04-07:580.01|2026-05-07:580.01|2026-06-06:580.01,2026-05-15,none,"Use 3 installments of EUR 580.01, starting 7 April 2026. This leaves at least EUR 1100 available."
request_220,68.93,not_affordable,not_recommended,none,,none,"Do not proceed with the EUR 3118.50 request. Although EUR 68.93 is available today, the full amount cannot be completed safely within 90 days."
request_221,109800,affordable_now,full_payment,2025-11-03:109800,2025-11-03,none,Pay INR 109800 today. This leaves at least INR 81500 available over the next 90 days.
request_222,34078,affordable_now,full_payment,2026-01-05:34078,2026-01-05,none,Pay ZAR 34078 today. This leaves at least ZAR 27300 available over the next 90 days.
request_223,898.7,affordable_now,full_payment,2024-09-07:898.70,2024-09-07,none,Pay EUR 898.70 today. This leaves at least EUR 800 available over the next 90 days.
request_224,9883719.1,affordable_with_plan,partial_payment,2025-02-04:9883719.10|2025-02-15:443280.90,2025-02-15,none,Pay IDR 9883719.10 today and the remaining IDR 443280.90 on 15 February 2025. This completes the full request and keeps the IDR 22187600 minimum protected.
request_225,9433174.69,affordable_with_plan,installments,2026-07-20:7647120|2026-08-19:7647120|2026-09-18:7647120,2026-09-15,none,"Use 3 installments of IDR 7647120, starting 20 July 2026. This leaves at least IDR 17670700 available."
request_226,157000,affordable_now,full_payment,2024-12-03:157000,2024-12-03,none,Pay INR 157000 today. This leaves at least INR 209400 available over the next 90 days.
request_227,7374.59,not_affordable,not_recommended,none,,none,"Do not proceed with the INR 259700 request. Although INR 7374.59 is available today, the full amount cannot be completed safely within 90 days."
request_228,1601201.62,not_affordable,not_recommended,none,,none,"Do not proceed with the IDR 63327000 request. Although IDR 1601201.62 is available today, the full amount cannot be completed safely within 90 days."
request_229,425.9,affordable_with_plan,installments,2024-03-18:529.29|2024-04-18:529.29|2024-05-19:529.29,2024-05-15,none,"Use 3 installments of EUR 529.29, starting 18 March 2024. This leaves at least EUR 1000 available."
request_230,3537.6,affordable_now,full_payment,2025-08-06:3537.60,2025-08-06,none,Pay EUR 3537.60 today. This leaves at least EUR 2000 available over the next 90 days.
request_231,32103.58,affordable_with_plan,installments,2026-01-06:12378.08|2026-02-05:12378.08|2026-03-07:12378.08,2026-01-15,none,"Use 3 installments of ZAR 12378.08, starting 6 January 2026. This leaves at least ZAR 24300 available."
request_232,617.13,affordable_later,wait,2024-08-15:1970.10,2024-08-15,none,Pay EUR 1970.10 in full on 15 August 2024. Paying earlier would take the balance below the EUR 2400 minimum.
request_233,3738334.08,affordable_with_plan,partial_payment,2025-11-07:3738334.08|2025-11-15:2502665.92,2025-11-15,none,Pay IDR 3738334.08 today and the remaining IDR 2502665.92 on 15 November 2025. This completes the full request and keeps the IDR 10365700 minimum protected.
request_234,182.32,affordable_later,wait,2026-09-15:1213.30,2026-09-15,none,Pay EUR 1213.30 in full on 15 September 2026. Paying earlier would take the balance below the EUR 700 minimum.
request_235,967.2,affordable_now,full_payment,2024-09-06:967.20,2024-09-06,none,Pay USD 967.20 today. This leaves at least USD 700 available over the next 90 days.
request_236,6057746.37,not_affordable,not_recommended,none,,none,"Do not proceed with the IDR 52383000 request. Although IDR 6057746.37 is available today, the full amount cannot be completed safely within 90 days."
request_237,23826000,affordable_now,full_payment,2026-04-05:23826000,2026-04-05,none,Pay IDR 23826000 today. This leaves at least IDR 22431500 available over the next 90 days.
request_238,663.6,affordable_with_plan,installments,2024-12-07:230.05|2025-01-07:230.05|2025-02-07:230.05,2024-12-07,none,"Use 3 installments of USD 230.05, starting 7 December 2024. This leaves at least USD 700 available."
request_239,642,affordable_now,full_payment,2025-05-04:642,2025-05-04,none,Pay USD 642 today. This leaves at least USD 600 available over the next 90 days.
request_240,13746.71,not_affordable,not_recommended,none,,none,"Do not proceed with the INR 101200 request. Although INR 13746.71 is available today, the full amount cannot be completed safely within 90 days."
request_241,21052000,affordable_with_plan,installments,2024-03-17:7298026.67|2024-04-17:7298026.67|2024-05-18:7298026.67,2024-03-03,none,"Use 3 installments of IDR 7298026.67, starting 17 March 2024. This leaves at least IDR 19252000 available."
request_242,23.38,not_affordable,not_recommended,none,,none,"Do not proceed with the EUR 1966.80 request. Although EUR 23.38 is available today, the full amount cannot be completed safely within 90 days."
request_243,17468,affordable_now,full_payment,2026-07-07:17468,2026-07-07,none,Pay ZAR 17468 today. This leaves at least ZAR 19900 available over the next 90 days.
request_244,49918,affordable_now,full_payment,2024-06-04:49918,2024-06-04,none,Pay ZAR 49918 today. This leaves at least ZAR 45900 available over the next 90 days.
request_245,0,not_affordable,not_recommended,none,,none,Do not make this payment by 15 January 2026. None of the available options keeps the INR 94600 minimum protected.
request_246,64086,affordable_with_plan,installments,2026-04-03:22216.48|2026-05-03:22216.48|2026-06-02:22216.48,2026-04-03,none,"Use 3 installments of ZAR 22216.48, starting 3 April 2026. This leaves at least ZAR 39300 available."
request_247,1059.3,affordable_now,full_payment,2024-09-05:1059.30,2024-09-05,none,Pay EUR 1059.30 today. This leaves at least EUR 1300 available over the next 90 days.
request_248,936.79,affordable_with_plan,partial_payment,2025-02-07:936.79|2025-04-15:1028.81,2025-04-15,none,Pay USD 936.79 today and the remaining USD 1028.81 on 15 April 2025. This completes the full request and keeps the USD 1300 minimum protected.
request_249,141.26,affordable_later,wait,2026-03-15:643.20,2026-03-15,none,Pay USD 643.20 in full on 15 March 2026. Paying earlier would take the balance below the USD 600 minimum.
request_250,15496.91,not_affordable,not_recommended,none,,none,"Do not proceed with the ZAR 124278 request. Although ZAR 15496.91 is available today, the full amount cannot be completed safely within 90 days."
request_251,785.88,not_affordable,not_recommended,none,,none,Do not make this payment by 6 June 2025. None of the available options keeps the EUR 1300 minimum protected.
request_252,3811422.04,affordable_later,wait,2026-09-15:28082000,2026-09-15,none,Pay IDR 28082000 in full on 15 September 2026. Paying earlier would take the balance below the IDR 15152200 minimum.
request_253,1373.03,affordable_with_plan,installments,2024-03-21:984.60|2024-04-21:984.60|2024-05-22:984.60,2024-05-15,none,"Use 3 installments of EUR 984.60, starting 21 March 2024. This leaves at least EUR 2300 available."
request_254,637.4,affordable_later,wait,2025-10-15:3535.20,2025-10-15,none,Pay USD 3535.20 in full on 15 October 2025. Paying earlier would take the balance below the USD 2500 minimum.
request_255,3345000,affordable_now,full_payment,2026-04-06:3345000,2026-04-06,none,Pay IDR 3345000 today. This leaves at least IDR 9813900 available over the next 90 days.
request_256,151729.69,affordable_with_plan,installments,2024-06-10:75816|2024-07-11:75816|2024-08-11:75816,2024-07-15,none,"Use 3 installments of INR 75816, starting 10 June 2024. This leaves at least INR 168600 available."
request_257,348.24,affordable_later,wait,2026-01-15:1352.40,2026-01-15,none,Pay USD 1352.40 in full on 15 January 2026. Paying earlier would take the balance below the USD 1600 minimum.
request_258,1113.6,affordable_now,full_payment,2026-01-07:1113.60,2026-01-07,none,Pay USD 1113.60 today. This leaves at least USD 500 available over the next 90 days.
request_259,253.01,affordable_later,wait,2024-11-15:935,2024-11-15,none,Pay EUR 935 in full on 15 November 2024. Paying earlier would take the balance below the EUR 600 minimum.
request_260,6881252.25,not_affordable,not_recommended,none,,none,"Do not proceed with the IDR 52079000 request. Although IDR 6881252.25 is available today, the full amount cannot be completed safely within 90 days."
request_261,1830.4,affordable_now,full_payment,2026-07-03:1830.40,2026-07-03,none,Pay EUR 1830.40 today. This leaves at least EUR 1500 available over the next 90 days.
request_262,9236000,affordable_now,full_payment,2024-12-05:9236000,2024-12-05,none,Pay IDR 9236000 today. This leaves at least IDR 31018500 available over the next 90 days.
request_263,0,not_affordable,not_recommended,none,,none,Do not make this payment by 15 June 2025. None of the available options keeps the ZAR 24100 minimum protected.
request_264,23028.78,affordable_later,wait,2026-06-15:111300,2026-06-15,none,Pay INR 111300 in full on 15 June 2026. Paying earlier would take the balance below the INR 59500 minimum.
request_265,0,not_affordable,not_recommended,none,,none,Do not make this payment by 21 March 2024. None of the available options keeps the INR 189700 minimum protected.
request_266,775.94,affordable_with_plan,installments,2025-08-03:324.13|2025-08-31:324.13|2025-09-28:324.13,2025-09-15,none,"Use 3 installments of EUR 324.13, starting 3 August 2025. This leaves at least EUR 900 available."
request_267,1691.54,affordable_with_plan,installments,2026-01-08:667.33|2026-02-07:667.33|2026-03-09:667.33,2026-01-15,none,"Use 3 installments of EUR 667.33, starting 8 January 2026. This leaves at least EUR 1500 available."
request_268,1041.5,affordable_with_plan,installments,2024-06-14:841.22|2024-07-15:841.22|2024-08-15:841.22,2024-07-15,none,"Use 3 installments of EUR 841.22, starting 14 June 2024. This leaves at least EUR 1400 available."
request_269,10062.53,affordable_later,wait,2025-12-15:15490,2025-12-15,none,Pay ZAR 15490 in full on 15 December 2025. Paying earlier would take the balance below the ZAR 23100 minimum.
request_270,110.3,not_affordable,not_recommended,none,,none,"Do not proceed with the USD 3028.80 request. Although USD 110.30 is available today, the full amount cannot be completed safely within 90 days."
request_271,14241.14,affordable_later,wait,2024-11-15:91300,2024-11-15,none,Pay INR 91300 in full on 15 November 2024. Paying earlier would take the balance below the INR 58200 minimum.
request_272,5423102.49,affordable_with_plan,installments,2025-02-12:4709466.67|2025-03-12:4709466.67|2025-04-09:4709466.67,2025-03-15,none,"Use 3 installments of IDR 4709466.67, starting 12 February 2025. This leaves at least IDR 7508600 available."
request_273,9546276.09,affordable_with_plan,partial_payment,2026-04-07:9546276.09|2026-04-15:6314723.91,2026-04-15,none,Pay IDR 9546276.09 today and the remaining IDR 6314723.91 on 15 April 2026. This completes the full request and keeps the IDR 18774600 minimum protected.
request_274,2214.72,affordable_with_plan,installments,2024-12-04:940.75|2025-01-04:940.75|2025-02-04:940.75,2024-12-15,none,"Use 3 installments of EUR 940.75, starting 4 December 2024. This leaves at least EUR 1800 available."
request_275,15884000,affordable_now,full_payment,2025-05-06:15884000,2025-05-06,none,Pay IDR 15884000 today. This leaves at least IDR 12760100 available over the next 90 days.
